<?xml version="1.0" encoding="UTF-8"?>
<beans xmlns="http://www.springframework.org/schema/beans"
	xmlns:xsi="http://www.w3.org/2001/XMLSchema-instance"
	xmlns:context="http://www.springframework.org/schema/context"
	xmlns:util="http://www.springframework.org/schema/util"
	xsi:schemaLocation="http://www.springframework.org/schema/beans 
        http://www.springframework.org/schema/beans/spring-beans-3.0.xsd
        http://www.springframework.org/schema/context 
        http://www.springframework.org/schema/context/spring-context-3.0.xsd
         http://www.springframework.org/schema/util
    http://www.springframework.org/schema/util/spring-util.xsd">
<util:list list-class="java.util.Vector" id="list">
	<value>Lucknow</value>
		<value>Mumbai</value>
		<value>Hyderabad</value>
		<value>Delhi</value>
</util:list>
<bean class="com.java.stereotype.Teacher" name="pro" scope="prototype"/>
	<!--<context:component-scan base-package="com.java.stereotype"/>
This tag comment becouse genrated error 
thats reson we are comment the tag-->
</beans>