<?xml version="1.0" encoding="UTF-8"?>
<beans xmlns="http://www.springframework.org/schema/beans"
	xmlns:xsi="http://www.w3.org/2001/XMLSchema-instance"
	xmlns:context="http://www.springframework.org/schema/context"
	xmlns:p="http://www.springframework.org/schema/p"
	xmlns:c="http://www.springframework.org/schema/c"
	xsi:schemaLocation="http://www.springframework.org/schema/beans
    
    http://www.springframework.org/schema/beans/spring-beans.xsd">

	<bean class="com.java.consinjection.Person" name="p">
		<!--1st Way -->
		<constructor-arg>
			<value>1223</value>
		</constructor-arg>
		<!-- Second way -->
		<constructor-arg value="Rahim" type="String" />
	</bean>
	<!-- With c schema -->
	<bean class="com.java.consinjection.Person" name="p1" c:id="1232"
		c:name="Java programin language" />
</beans>