<?xml version="1.0" encoding="UTF-8"?>
<beans xmlns="http://www.springframework.org/schema/beans"
	xmlns:xsi="http://www.w3.org/2001/XMLSchema-instance"
	xmlns:context="http://www.springframework.org/schema/context"
	xmlns:p="http://www.springframework.org/schema/p"
	xmlns:c="http://www.springframework.org/schema/c"
	xsi:schemaLocation="http://www.springframework.org/schema/beans
    
    http://www.springframework.org/schema/beans/spring-beans.xsd">
	<bean class="com.java.addition.Addition" name="add1">
		<constructor-arg value="23" type="int" index="1" />
		<constructor-arg value="44" type="int" index="0" />

	</bean>
	<!-- <bean class="com.java.addition.Addition" name="add2"> <constructor-arg 
		value="23.00"/> <constructor-arg value="44.09"/> </bean> -->

</beans>