<?xml version="1.0" encoding="UTF-8"?>
<beans xmlns="http://www.springframework.org/schema/beans"
	xmlns:xsi="http://www.w3.org/2001/XMLSchema-instance"
	xmlns:context="http://www.springframework.org/schema/context"
	xsi:schemaLocation="http://www.springframework.org/schema/beans 
        http://www.springframework.org/schema/beans/spring-beans-3.0.xsd
        http://www.springframework.org/schema/context 
        http://www.springframework.org/schema/context/spring-context-3.0.xsd">

	<!-- <context:annotation-config/> -->
	<!-- First bean -->
	<bean class="com.java.book.Book" name="book" init-method="hey"
		destroy-method="bye">
		<property name="bName" value="Java" />
		<property name="price" value="123.89" />
	</bean>
	<bean class="com.java.book.Copy" name="copy">
		<property name="name" value="A4" />
		<property name="price" value="67.98" />
	</bean>

	<bean class="com.java.book.Institute" name="ins">
		<property name="subject" value="java" />
	</bean>
	<bean
		class="org.springframework.context.annotation.CommonAnnotationBeanPostProcessor" />
</beans>