<?xml version="1.0" encoding="UTF-8"?>
<beans xmlns="http://www.springframework.org/schema/beans"
	xmlns:xsi="http://www.w3.org/2001/XMLSchema-instance"
	xmlns:context="http://www.springframework.org/schema/context"
	xsi:schemaLocation="http://www.springframework.org/schema/beans 
        http://www.springframework.org/schema/beans/spring-beans-3.0.xsd
        http://www.springframework.org/schema/context 
        http://www.springframework.org/schema/context/spring-context-3.0.xsd">

	<context:annotation-config />
	<!-- First bean -->
	<bean class="com.java.autowired.annotation.qualifire.Address"
		name="add">
		<property name="street" value="Temp Street" />
		<property name="city" value="Basti" />
	</bean>

	<bean class="com.java.autowired.annotation.qualifire.Address"
		name="add2">
		<property name="street" value="Second Street" />
		<property name="city" value="Basti" />
	</bean>
	<!-- by using annotation -->
	<bean class="com.java.autowired.annotation.qualifire.Emp"
		name="emp1" />


</beans>