<?xml version="1.0" encoding="UTF-8"?>
<beans xmlns="http://www.springframework.org/schema/beans"
	xmlns:xsi="http://www.w3.org/2001/XMLSchema-instance"
	xmlns:context="http://www.springframework.org/schema/context"
	xmlns:p="http://www.springframework.org/schema/p"
	xmlns:c="http://www.springframework.org/schema/c"
	xmlns:util="http://www.springframework.org/schema/util"
	xsi:schemaLocation="http://www.springframework.org/schema/beans
    http://www.springframework.org/schema/beans/spring-beans.xsd
    http://www.springframework.org/schema/context
    http://www.springframework.org/schema/context/spring-context.xsd
    http://www.springframework.org/schema/util
    http://www.springframework.org/schema/util/spring-util.xsd">

<!-- Standalone List-->
	<util:list list-class="java.util.Vector"
		id="mybestfriends">
		<value>Aman</value>
		<value>Afzal</value>
		<value>Gulam</value>
		<value>Tushar</value>
	</util:list>
	
	<!-- Standalone Map-->
	<util:map map-class="java.util.TreeMap" id="fee">
		<entry key="Spring Framwork" value="8000"/>
		<entry key="Django Framwork" value="5000"/>
		<entry key="Hibernate Framwork" value="2000"/>
	</util:map>
	
	<!-- Standalone Properties-->
	<util:properties id="pro">
		<prop key="driver">com.mysql.jdbc.Driver</prop>
		<prop key="url">jdbc:mysql://localhost:3306/dbjoes</prop>
		<prop key="username">root</prop>
		<prop key="password">123456</prop>
	</util:properties>
	
	<bean class="com.java.standalon.collection.Person" name="person1">
		<!-- <property name="freinds"><ref bean="mybestfriends"/></property> -->
		<property name="freinds" ref="mybestfriends" />
		<property name="feeStructure" ref="fee" />
		<property name="properties" ref="pro"/>
	</bean>

</beans>